fold,threshold,n_past,flag_rate,r24_missing,station
3,4.178973976039499,4219,0.1283720930232558,0.0,HRL
4,3.8429842735132933,6369,0.17481884057971014,0.0,HRL
5,3.751288942423103,8577,0.3263057019645424,0.0,HRL
6,4.095132839629465,10664,0.10668498168498168,0.0,HRL
7,3.880463625096205,12848,0.16542404473438957,0.0,HRL
8,3.817245278636859,14994,0.14656349567592172,0.0,HRL
9,3.7278127676888224,17191,0.2736202057998129,0.0,HRL
10,3.826038524250388,19329,0.13956834532374102,0.0,HRL
11,3.748574955169615,21414,0.058660508083140876,0.0,HRL
12,3.5880410115279333,23579,0.20897552130553038,0.0,HRL
13,3.594556788030149,25785,0.2681902985074627,0.0,HRL
14,3.652875132559649,27929,0.18360805860805862,0.0,HRL
15,3.6406282936301864,30113,0.10842824601366742,0.0,HRL
16,3.5699873336065973,32308,0.10031919744642043,0.0,HRL
17,3.504218809834813,34501,0.1770446096654275,0.0,HRL
18,3.4917976573003426,36653,0.1267865375749193,0.0,HRL
19,3.457828193145446,38822,0.1427909133055169,0.0,HRL
20,3.429770222281172,40979,0.19989423585404548,0.0,HRL
