run_utc,station,origin_utc,target_utc,latest_obs_utc,data_delay_h,yhat_F3,yhat_F0,resid_mae_24h,n_resid_24h,threshold,flag,origin_imputed,model_commit
2026-09-30T06:59:18Z,MY1,2026-09-29T18:00:00Z,2026-09-30T00:00:00Z,2026-09-29T23:00:00Z,8.0,14.129633068391518,19.0,6.848237988090005,24,4.571489222767394,warn,False,f1e39d4
2026-09-30T06:59:18Z,MY1,2026-09-29T19:00:00Z,2026-09-30T01:00:00Z,2026-09-29T23:00:00Z,8.0,12.472664458803372,19.0,6.8918397809897565,24,4.571489222767394,warn,False,f1e39d4
2026-09-30T06:59:18Z,MY1,2026-09-29T20:00:00Z,2026-09-30T02:00:00Z,2026-09-29T23:00:00Z,8.0,12.803934540378524,20.0,6.883678813426742,24,4.571489222767394,warn,False,f1e39d4
2026-09-30T06:59:18Z,MY1,2026-09-29T21:00:00Z,2026-09-30T03:00:00Z,2026-09-29T23:00:00Z,8.0,11.889030066566152,19.0,6.7146825569030275,24,4.571489222767394,warn,False,f1e39d4
2026-09-30T06:59:18Z,MY1,2026-09-29T22:00:00Z,2026-09-30T04:00:00Z,2026-09-29T23:00:00Z,8.0,7.610615022555668,10.0,6.851610042258764,24,4.571489222767394,warn,False,f1e39d4
2026-09-30T06:59:18Z,MY1,2026-09-29T23:00:00Z,2026-09-30T05:00:00Z,2026-09-29T23:00:00Z,8.0,9.712126846809122,11.0,6.958296312218992,24,4.571489222767394,warn,False,f1e39d4
2026-09-30T06:59:18Z,KC1,2026-09-29T18:00:00Z,2026-09-30T00:00:00Z,2026-09-29T23:00:00Z,8.0,12.190425234957118,13.302,4.470300604977122,24,3.635209778022527,warn,False,f1e39d4
2026-09-30T06:59:18Z,KC1,2026-09-29T19:00:00Z,2026-09-30T01:00:00Z,2026-09-29T23:00:00Z,8.0,14.012880071778397,17.17,4.567981011215733,24,3.635209778022527,warn,False,f1e39d4
2026-09-30T06:59:18Z,KC1,2026-09-29T20:00:00Z,2026-09-30T02:00:00Z,2026-09-29T23:00:00Z,8.0,11.78373118384911,15.472,4.5573769998619795,24,3.635209778022527,warn,False,f1e39d4
2026-09-30T06:59:18Z,KC1,2026-09-29T21:00:00Z,2026-09-30T03:00:00Z,2026-09-29T23:00:00Z,8.0,10.534277425996082,13.962,4.479221741781119,24,3.635209778022527,warn,False,f1e39d4
2026-09-30T06:59:18Z,KC1,2026-09-29T22:00:00Z,2026-09-30T04:00:00Z,2026-09-29T23:00:00Z,8.0,9.0227869690278,11.038,4.3910920992252205,24,3.635209778022527,warn,False,f1e39d4
2026-09-30T06:59:18Z,KC1,2026-09-29T23:00:00Z,2026-09-30T05:00:00Z,2026-09-29T23:00:00Z,8.0,7.352452617246317,7.83,4.5028570440378735,24,3.635209778022527,warn,False,f1e39d4
2026-09-30T06:59:18Z,BEX,2026-09-29T18:00:00Z,2026-09-30T00:00:00Z,2026-09-29T23:00:00Z,8.0,20.62329618441527,36.227,10.736009289770122,24,4.276905736826722,warn,False,f1e39d4
2026-09-30T06:59:18Z,BEX,2026-09-29T19:00:00Z,2026-09-30T01:00:00Z,2026-09-29T23:00:00Z,8.0,13.42112547873228,25.0,10.794684826643133,24,4.276905736826722,warn,False,f1e39d4
2026-09-30T06:59:18Z,BEX,2026-09-29T20:00:00Z,2026-09-30T02:00:00Z,2026-09-29T23:00:00Z,8.0,13.589049531219716,21.227,10.805295517489116,24,4.276905736826722,warn,False,f1e39d4
2026-09-30T06:59:18Z,BEX,2026-09-29T21:00:00Z,2026-09-30T03:00:00Z,2026-09-29T23:00:00Z,8.0,10.394770681860043,18.019,10.94475589767994,24,4.276905736826722,warn,False,f1e39d4
2026-09-30T06:59:18Z,BEX,2026-09-29T22:00:00Z,2026-09-30T04:00:00Z,2026-09-29T23:00:00Z,8.0,6.171390879583334,10.0,11.40169614865267,24,4.276905736826722,warn,False,f1e39d4
2026-09-30T06:59:18Z,BEX,2026-09-29T23:00:00Z,2026-09-30T05:00:00Z,2026-09-29T23:00:00Z,8.0,6.0572695933071925,8.019,11.84342892844701,24,4.276905736826722,warn,False,f1e39d4
2026-09-30T06:59:18Z,HRL,2026-09-29T15:00:00Z,2026-09-29T21:00:00Z,2026-09-29T20:00:00Z,11.0,9.20090195214727,8.59,2.4212789686237848,24,3.4296470434389024,ok,False,f1e39d4
2026-09-30T06:59:18Z,HRL,2026-09-29T16:00:00Z,2026-09-29T22:00:00Z,2026-09-29T20:00:00Z,11.0,9.064995722872421,8.607,2.5602194642181746,24,3.4296470434389024,ok,False,f1e39d4
2026-09-30T06:59:18Z,HRL,2026-09-29T17:00:00Z,2026-09-29T23:00:00Z,2026-09-29T20:00:00Z,11.0,9.469650242961144,9.025,2.66707739383523,24,3.4296470434389024,ok,False,f1e39d4
2026-09-30T06:59:18Z,HRL,2026-09-29T18:00:00Z,2026-09-30T00:00:00Z,2026-09-29T20:00:00Z,11.0,10.312922271541936,9.715,2.73586441769109,24,3.4296470434389024,ok,False,f1e39d4
2026-09-30T06:59:18Z,HRL,2026-09-29T19:00:00Z,2026-09-30T01:00:00Z,2026-09-29T20:00:00Z,11.0,12.075749972905331,12.644,2.8341773865689555,24,3.4296470434389024,ok,False,f1e39d4
2026-09-30T06:59:18Z,HRL,2026-09-29T20:00:00Z,2026-09-30T02:00:00Z,2026-09-29T20:00:00Z,11.0,8.90963477851372,11.83,2.8822125425850413,24,3.4296470434389024,ok,False,f1e39d4
