scored_run_utc,station,origin_utc,target_utc,y_true,truth_imputed
2026-10-01T06:07:19Z,MY1,2026-09-29T18:00:00Z,2026-09-30T00:00:00Z,8.0,False
2026-10-01T06:07:19Z,MY1,2026-09-29T19:00:00Z,2026-09-30T01:00:00Z,7.0,False
2026-10-01T06:07:19Z,MY1,2026-09-29T20:00:00Z,2026-09-30T02:00:00Z,11.0,False
2026-10-01T06:07:19Z,MY1,2026-09-29T21:00:00Z,2026-09-30T03:00:00Z,7.0,False
2026-10-01T06:07:19Z,MY1,2026-09-29T22:00:00Z,2026-09-30T04:00:00Z,6.0,False
2026-10-01T06:07:19Z,MY1,2026-09-29T23:00:00Z,2026-09-30T05:00:00Z,10.0,True
2026-10-01T06:07:19Z,KC1,2026-09-29T18:00:00Z,2026-09-30T00:00:00Z,6.132,False
2026-10-01T06:07:19Z,KC1,2026-09-29T19:00:00Z,2026-09-30T01:00:00Z,5.755,False
2026-10-01T06:07:19Z,KC1,2026-09-29T20:00:00Z,2026-09-30T02:00:00Z,5.66,False
2026-10-01T06:07:19Z,KC1,2026-09-29T21:00:00Z,2026-09-30T03:00:00Z,6.038,False
2026-10-01T06:07:19Z,KC1,2026-09-29T22:00:00Z,2026-09-30T04:00:00Z,5.755,False
2026-10-01T06:07:19Z,KC1,2026-09-29T23:00:00Z,2026-09-30T05:00:00Z,5.943,False
2026-10-01T06:07:19Z,BEX,2026-09-29T18:00:00Z,2026-09-30T00:00:00Z,7.076,False
2026-10-01T06:07:19Z,BEX,2026-09-29T19:00:00Z,2026-09-30T01:00:00Z,6.792,False
2026-10-01T06:07:19Z,BEX,2026-09-29T20:00:00Z,2026-09-30T02:00:00Z,6.792,False
2026-10-01T06:07:19Z,BEX,2026-09-29T21:00:00Z,2026-09-30T03:00:00Z,6.132,False
2026-10-01T06:07:19Z,BEX,2026-09-29T22:00:00Z,2026-09-30T04:00:00Z,7.17,False
2026-10-01T06:07:19Z,BEX,2026-09-29T23:00:00Z,2026-09-30T05:00:00Z,6.698,False
2026-10-01T19:37:05Z,HRL,2026-09-29T15:00:00Z,2026-09-29T21:00:00Z,10.314,False
2026-10-01T19:37:05Z,HRL,2026-09-29T16:00:00Z,2026-09-29T22:00:00Z,8.299,False
2026-10-01T19:37:05Z,HRL,2026-09-29T17:00:00Z,2026-09-29T23:00:00Z,6.266,False
2026-10-01T19:37:05Z,HRL,2026-09-29T18:00:00Z,2026-09-30T00:00:00Z,5.46,False
2026-10-01T19:37:05Z,HRL,2026-09-29T19:00:00Z,2026-09-30T01:00:00Z,4.938,False
2026-10-01T19:37:05Z,HRL,2026-09-29T20:00:00Z,2026-09-30T02:00:00Z,5.075,False
2026-10-02T05:50:20Z,MY1,2026-09-30T18:00:00Z,2026-10-01T00:00:00Z,18.0,False
2026-10-02T05:50:20Z,MY1,2026-09-30T19:00:00Z,2026-10-01T01:00:00Z,6.0,False
2026-10-02T05:50:20Z,MY1,2026-09-30T20:00:00Z,2026-10-01T02:00:00Z,6.0,False
2026-10-02T05:50:20Z,MY1,2026-09-30T21:00:00Z,2026-10-01T03:00:00Z,5.0,False
2026-10-02T05:50:20Z,MY1,2026-09-30T22:00:00Z,2026-10-01T04:00:00Z,8.0,False
2026-10-02T05:50:20Z,MY1,2026-09-30T23:00:00Z,2026-10-01T05:00:00Z,8.0,False
2026-10-02T05:50:20Z,KC1,2026-09-30T18:00:00Z,2026-10-01T00:00:00Z,4.245,False
2026-10-02T05:50:20Z,KC1,2026-09-30T19:00:00Z,2026-10-01T01:00:00Z,3.774,False
2026-10-02T05:50:20Z,KC1,2026-09-30T20:00:00Z,2026-10-01T02:00:00Z,3.774,False
2026-10-02T05:50:20Z,KC1,2026-09-30T21:00:00Z,2026-10-01T03:00:00Z,3.302,False
2026-10-02T05:50:20Z,KC1,2026-09-30T22:00:00Z,2026-10-01T04:00:00Z,2.642,False
2026-10-02T05:50:20Z,KC1,2026-09-30T23:00:00Z,2026-10-01T05:00:00Z,2.925,False
2026-10-02T05:50:20Z,BEX,2026-09-30T18:00:00Z,2026-10-01T00:00:00Z,4.34,False
2026-10-02T05:50:20Z,BEX,2026-09-30T19:00:00Z,2026-10-01T01:00:00Z,5.472,False
2026-10-02T05:50:20Z,BEX,2026-09-30T20:00:00Z,2026-10-01T02:00:00Z,5.377,False
2026-10-02T05:50:20Z,BEX,2026-09-30T21:00:00Z,2026-10-01T03:00:00Z,3.679,False
2026-10-02T05:50:20Z,BEX,2026-09-30T22:00:00Z,2026-10-01T04:00:00Z,3.208,False
2026-10-02T05:50:20Z,BEX,2026-09-30T23:00:00Z,2026-10-01T05:00:00Z,2.925,False
