run_utc,station,origin_utc,reason
2026-10-09T02:16:33Z,MY1,2026-10-08T18:00:00Z,"missing inputs: pm2_5_lag_6,pm2_5_lag_24,pm2_5_mean_24h,pm2_5_delta_6h"
2026-10-09T02:16:33Z,MY1,2026-10-08T19:00:00Z,"missing inputs: pm2_5_lag_6,pm2_5_lag_24,pm2_5_mean_24h,pm2_5_delta_6h"
2026-10-09T02:16:33Z,MY1,2026-10-08T20:00:00Z,"missing inputs: pm2_5_lag_24,pm2_5_mean_24h"
2026-10-09T02:16:33Z,MY1,2026-10-08T21:00:00Z,"missing inputs: pm2_5_lag_24,pm2_5_mean_24h"
2026-10-09T02:16:33Z,MY1,2026-10-08T22:00:00Z,"missing inputs: pm2_5_lag_24,pm2_5_mean_24h"
2026-10-09T02:16:33Z,MY1,2026-10-08T23:00:00Z,"missing inputs: pm2_5_lag_24,pm2_5_mean_24h"
2026-10-09T17:02:53Z,MY1,2026-10-08T18:00:00Z,"missing inputs: pm2_5_lag_6,pm2_5_lag_24,pm2_5_mean_24h,pm2_5_delta_6h"
2026-10-09T17:02:53Z,MY1,2026-10-08T19:00:00Z,"missing inputs: pm2_5_lag_6,pm2_5_lag_24,pm2_5_mean_24h,pm2_5_delta_6h"
2026-10-09T17:02:53Z,MY1,2026-10-08T20:00:00Z,"missing inputs: pm2_5_lag_24,pm2_5_mean_24h"
2026-10-09T17:02:53Z,MY1,2026-10-08T21:00:00Z,"missing inputs: pm2_5_lag_24,pm2_5_mean_24h"
2026-10-09T17:02:53Z,MY1,2026-10-08T22:00:00Z,"missing inputs: pm2_5_lag_24,pm2_5_mean_24h"
2026-10-09T17:02:53Z,MY1,2026-10-08T23:00:00Z,"missing inputs: pm2_5_lag_24,pm2_5_mean_24h"
2026-10-09T21:45:49Z,MY1,2026-10-08T18:00:00Z,"missing inputs: pm2_5_lag_6,pm2_5_lag_24,pm2_5_mean_24h,pm2_5_delta_6h"
2026-10-09T21:45:49Z,MY1,2026-10-08T19:00:00Z,"missing inputs: pm2_5_lag_6,pm2_5_lag_24,pm2_5_mean_24h,pm2_5_delta_6h"
2026-10-09T21:45:49Z,MY1,2026-10-08T20:00:00Z,"missing inputs: pm2_5_lag_24,pm2_5_mean_24h"
2026-10-09T21:45:49Z,MY1,2026-10-08T21:00:00Z,"missing inputs: pm2_5_lag_24,pm2_5_mean_24h"
2026-10-09T21:45:49Z,MY1,2026-10-08T22:00:00Z,"missing inputs: pm2_5_lag_24,pm2_5_mean_24h"
2026-10-09T21:45:49Z,MY1,2026-10-08T23:00:00Z,"missing inputs: pm2_5_lag_24,pm2_5_mean_24h"
2026-10-10T01:48:40Z,MY1,2026-10-09T09:00:00Z,missing inputs: pm2_5_lag_24
2026-10-10T01:48:40Z,MY1,2026-10-09T10:00:00Z,missing inputs: pm2_5_lag_24
2026-10-10T01:48:40Z,MY1,2026-10-09T11:00:00Z,missing inputs: pm2_5_lag_24
2026-10-10T01:48:40Z,MY1,2026-10-09T12:00:00Z,missing inputs: pm2_5_lag_24
2026-10-10T01:48:40Z,MY1,2026-10-09T13:00:00Z,missing inputs: pm2_5_lag_24
2026-10-10T01:48:40Z,KC1,2026-10-09T23:00:00Z,missing inputs: no2_lag_0
2026-10-10T08:37:59Z,MY1,2026-10-09T09:00:00Z,missing inputs: pm2_5_lag_24
2026-10-10T08:37:59Z,MY1,2026-10-09T10:00:00Z,missing inputs: pm2_5_lag_24
2026-10-10T08:37:59Z,MY1,2026-10-09T11:00:00Z,missing inputs: pm2_5_lag_24
2026-10-10T08:37:59Z,MY1,2026-10-09T12:00:00Z,missing inputs: pm2_5_lag_24
2026-10-10T08:37:59Z,MY1,2026-10-09T13:00:00Z,missing inputs: pm2_5_lag_24
2026-10-10T08:37:59Z,KC1,2026-10-09T23:00:00Z,missing inputs: no2_lag_0
2026-10-10T15:27:27Z,MY1,2026-10-09T09:00:00Z,missing inputs: pm2_5_lag_24
2026-10-10T15:27:27Z,MY1,2026-10-09T10:00:00Z,missing inputs: pm2_5_lag_24
2026-10-10T15:27:27Z,MY1,2026-10-09T11:00:00Z,missing inputs: pm2_5_lag_24
2026-10-10T15:27:27Z,MY1,2026-10-09T12:00:00Z,missing inputs: pm2_5_lag_24
2026-10-10T15:27:27Z,MY1,2026-10-09T13:00:00Z,missing inputs: pm2_5_lag_24
2026-10-10T15:27:27Z,KC1,2026-10-09T23:00:00Z,missing inputs: no2_lag_0
