pulled_utc,source,station,latest_obs_utc,lag_h,status,detail
2026-09-29 10:45:21+00:00,AURN,MY1,2026-09-28 23:00:00+00:00,11.8,ok,PM2.5
2026-09-29 10:45:21+00:00,LAQN,MY1,,,no recent data,MR8
2026-09-29 10:45:21+00:00,SOS,MY1,,,error: TimeoutError,The read operation timed out
2026-09-29 10:45:21+00:00,AURN,KC1,2026-09-28 23:00:00+00:00,11.8,ok,PM2.5
2026-09-29 10:45:21+00:00,LAQN,KC1,,,no recent data,KF1
2026-09-29 10:45:21+00:00,SOS,KC1,,,error: TimeoutError,The read operation timed out
2026-09-29 10:45:21+00:00,AURN,BEX,2026-09-28 23:00:00+00:00,11.8,ok,PM2.5
2026-09-29 10:45:21+00:00,LAQN,BEX,2026-09-29 04:00:00+00:00,6.8,ok,BQ9
2026-09-29 10:45:21+00:00,SOS,BEX,,,error: TimeoutError,The read operation timed out
2026-09-29 10:45:21+00:00,AURN,HRL,2026-09-28 20:00:00+00:00,14.8,ok,PM2.5
2026-09-29 10:45:21+00:00,LAQN,HRL,,,no recent data,LH0
2026-09-29 10:45:21+00:00,SOS,HRL,,,error: TimeoutError,The read operation timed out
2026-09-29 10:53:45+00:00,AURN,MY1,2026-09-28 23:00:00+00:00,11.9,ok,PM2.5
2026-09-29 10:53:45+00:00,LAQN,MY1,,,no recent data,MR8
2026-09-29 10:53:45+00:00,AURN,KC1,2026-09-28 23:00:00+00:00,11.9,ok,PM2.5
2026-09-29 10:53:45+00:00,LAQN,KC1,,,no recent data,KF1
2026-09-29 10:53:45+00:00,AURN,BEX,2026-09-28 23:00:00+00:00,11.9,ok,PM2.5
2026-09-29 10:53:45+00:00,LAQN,BEX,2026-09-29 04:00:00+00:00,6.9,ok,BQ9
2026-09-29 10:53:45+00:00,AURN,HRL,2026-09-28 20:00:00+00:00,14.9,ok,PM2.5
2026-09-29 10:53:45+00:00,LAQN,HRL,,,no recent data,LH0
2026-09-29 11:15:13+00:00,AURN,MY1,2026-09-28 23:00:00+00:00,12.3,ok,PM2.5
2026-09-29 11:15:13+00:00,LAQN,MY1,,,no recent data,MR8
2026-09-29 11:15:13+00:00,AURN,KC1,2026-09-28 23:00:00+00:00,12.3,ok,PM2.5
2026-09-29 11:15:13+00:00,LAQN,KC1,,,no recent data,KF1
2026-09-29 11:15:13+00:00,AURN,BEX,2026-09-28 23:00:00+00:00,12.3,ok,PM2.5
2026-09-29 11:15:13+00:00,LAQN,BEX,2026-09-29 04:00:00+00:00,7.3,ok,BQ9
2026-09-29 11:15:13+00:00,AURN,HRL,2026-09-28 20:00:00+00:00,15.3,ok,PM2.5
2026-09-29 11:15:13+00:00,LAQN,HRL,,,no recent data,LH0
